{
	"format_version": "1.12.0",
	"minecraft:geometry": [
		{
			"description": {
				"identifier": "geometry.unknown",
				"texture_width": 256,
				"texture_height": 256,
				"visible_bounds_width": 8,
				"visible_bounds_height": 5,
				"visible_bounds_offset": [0, 1.5, 0]
			},
			"bones": [
				{
					"name": "main",
					"pivot": [0, 20, 0]
				},
				{
					"name": "gun",
					"parent": "main",
					"pivot": [0, 0, 11]
				},
				{
					"name": "stock",
					"parent": "gun",
					"pivot": [0, 26.45, -14.075]
				},
				{
					"name": "trigger",
					"parent": "stock",
					"pivot": [0, 20.675, 14.275],
					"cubes": [
						{"origin": [0, 17, 12.5], "size": [2, 1.25, 4.75], "inflate": -0.5, "uv": [80, 112]},
						{"origin": [-2, 17, 12.5], "size": [2, 1.25, 4.75], "inflate": -0.5, "uv": [0, 110]},
						{"origin": [-2, 17, 16.25], "size": [4, 1.25, 2], "inflate": -0.5, "uv": [23, 113]},
						{"origin": [-1, 17, 17.25], "size": [2, 1.25, 3.25], "inflate": -0.5, "uv": [100, 46]},
						{"origin": [-1, 17.75, 20], "size": [2, 4, 1.25], "inflate": -0.5, "uv": [0, 0]},
						{"origin": [-2, 17.25, 12.5], "size": [4, 1.25, 2], "inflate": -0.5, "uv": [66, 96]},
						{"origin": [-1.075, 15.825, 13.025], "size": [1.3, 1, 1], "inflate": -0.25, "pivot": [1, 16.325, 13.525], "rotation": [-30, 0, 90], "uv": [30, 90]},
						{"origin": [-0.225, 15.825, 13.025], "size": [1.3, 1, 1], "inflate": -0.25, "pivot": [-1, 16.325, 13.525], "rotation": [-30, 0, -90], "uv": [88, 86]},
						{"origin": [-2.25, 18.75, 13.5], "size": [4.5, 1.75, 1.75], "inflate": -0.5, "uv": [76, 96]},
						{"origin": [0.75, 19.5, 12.5], "size": [1.5, 1.75, 2.75], "inflate": -0.5, "uv": [9, 92]},
						{"origin": [-2.25, 19.5, 12.5], "size": [1.5, 1.75, 2.75], "inflate": -0.5, "uv": [8, 86]},
						{"origin": [-2.25, 18, 13.5], "size": [1.5, 1.75, 1.75], "inflate": -0.5, "uv": [88, 84]},
						{"origin": [0.75, 18, 13.5], "size": [1.5, 1.75, 1.75], "inflate": -0.5, "uv": [88, 58]},
						{"origin": [-2.25, 20.25, 12.5], "size": [1.5, 1.5, 2.25], "inflate": -0.5, "uv": [84, 25]},
						{"origin": [-2.25, 20.375, 13.75], "size": [1.5, 1.375, 1.7], "inflate": -0.5, "pivot": [-1.5, 21.25, 14.25], "rotation": [-45, 0, 0], "uv": [88, 56]},
						{"origin": [0.75, 20.375, 13.75], "size": [1.5, 1.375, 1.7], "inflate": -0.5, "pivot": [1.5, 21.25, 14.25], "rotation": [-45, 0, 0], "uv": [88, 53]},
						{"origin": [-1, 20.1, 12.5], "size": [2, 1.25, 5], "inflate": -0.5, "uv": [0, 92]},
						{"origin": [-1, 20.1, 16.5], "size": [2, 1.25, 3], "inflate": -0.5, "pivot": [0, 20.85, 17], "rotation": [-17.5, 0, 0], "uv": [23, 90]},
						{"origin": [-1, 19.5, 18.4], "size": [2, 1.25, 2], "inflate": -0.5, "pivot": [0, 20.25, 18.9], "rotation": [-57.5, 0, 0], "uv": [52, 37]},
						{"origin": [-1, 16.675, 20], "size": [2, 2.075, 1.25], "inflate": -0.5, "pivot": [0, 18.25, 20.75], "rotation": [-45, 0, 0], "uv": [8, 83]},
						{"origin": [-1, 20.25, 20.7], "size": [2, 2.075, 1.25], "inflate": -0.5, "pivot": [0, 21.825, 21.45], "rotation": [-45, 0, 0], "uv": [0, 83]},
						{"origin": [-1, 21.25, 20.75], "size": [2, 1.25, 2.75], "inflate": -0.5, "uv": [24, 56]},
						{"origin": [0.75, 20.25, 12.5], "size": [1.5, 1.5, 2.25], "inflate": -0.5, "uv": [0, 86]},
						{"origin": [-2.1, 20.175, 13.775], "size": [4.2, 1, 1], "inflate": -0.25, "pivot": [0, 20.675, 14.275], "rotation": [-45, 0, 0], "uv": [23, 94]}
					]
				},
				{
					"name": "metalPart",
					"parent": "stock",
					"pivot": [-0.75, 25.875, 23.5],
					"cubes": [
						{"origin": [-2.925, 25.25, 22.175], "size": [1.95, 1.75, 2.25], "inflate": -0.5, "pivot": [-0.75, 25.875, 23.45], "rotation": [0, -60, 0], "uv": [100, 3]},
						{"origin": [-3.75, 24.325, 13.125], "size": [1.5, 1.25, 1.25], "inflate": -0.25, "pivot": [-1.25, 24.825, 13.875], "rotation": [30, 0, 90], "uv": [95, 84]},
						{"origin": [-1.25, 24.075, 13.125], "size": [1.5, 1.25, 1.25], "inflate": -0.25, "pivot": [1.25, 24.825, 13.875], "rotation": [-30, 0, 90], "uv": [0, 94]},
						{"origin": [-0.25, 24.325, 16.275], "size": [1, 1, 1], "inflate": -0.25, "pivot": [-1.25, 24.825, 16.775], "rotation": [-30, 0, -90], "uv": [92, 5]},
						{"origin": [-0.75, 24.325, 20.275], "size": [1, 1, 1], "inflate": -0.25, "pivot": [1.25, 24.825, 20.775], "rotation": [-30, 0, 90], "uv": [0, 92]},
						{"origin": [-0.75, 24.325, 16.275], "size": [1, 1, 1], "inflate": -0.25, "pivot": [1.25, 24.825, 16.775], "rotation": [-30, 0, 90], "uv": [92, 0]},
						{"origin": [-0.25, 24.325, 20.275], "size": [1, 1, 1], "inflate": -0.25, "pivot": [-1.25, 24.825, 20.775], "rotation": [-30, 0, -90], "uv": [92, 2]},
						{"origin": [-2.5, 25.25, 12.5], "size": [5, 1.75, 10.25], "inflate": -0.5, "uv": [112, 63]},
						{"origin": [-2.4, 26, 12.5], "size": [4.8, 1.5, 2.5], "inflate": -0.5, "uv": [35, 113]},
						{"origin": [-1.25, 24.75, 21.75], "size": [2.5, 2.25, 2.25], "inflate": -0.5, "uv": [118, 4]},
						{"origin": [0.25, 25.05, 22], "size": [1.9, 1.95, 2], "inflate": -0.5, "pivot": [0.75, 25.875, 23.5], "rotation": [0, 30, 0], "uv": [100, 11]},
						{"origin": [0.975, 25.25, 22.175], "size": [1.95, 1.75, 2.25], "inflate": -0.5, "pivot": [0.75, 25.875, 23.45], "rotation": [0, 60, 0], "uv": [100, 8]},
						{"origin": [-2.15, 25.05, 22], "size": [1.9, 1.95, 2], "inflate": -0.5, "pivot": [-0.75, 25.875, 23.5], "rotation": [0, -30, 0], "uv": [100, 0]}
					]
				},
				{
					"name": "woodPart",
					"parent": "stock",
					"pivot": [0, 19.18811, 29.44767],
					"cubes": [
						{"origin": [-2.25, 21.5, 12.5], "size": [4.5, 4.75, 10.25], "inflate": -0.5, "uv": [82, 51]},
						{"origin": [-2.25, 21.575, 24.775], "size": [4.5, 3, 4.5], "inflate": -0.5, "pivot": [0, 23.325, 25.65], "rotation": [15, 0, 0], "uv": [0, 35]},
						{"origin": [-2.25, 19.575, 27.75], "size": [4.5, 5.425, 18.25], "inflate": -0.5, "pivot": [0, 22.5, 38.25], "rotation": [-2, 0, 0], "uv": [0, 24]},
						{"origin": [-2.25, 15.425, 44.625], "size": [4.5, 9.325, 1.875], "inflate": -0.5, "uv": [26, 24]},
						{"origin": [-2.25, 17, 27], "size": [4.5, 4.95, 20], "inflate": -0.5, "pivot": [0, 23.25, 38.25], "rotation": [-12, 0, 0], "uv": [0, 0]},
						{"origin": [-2.25, 21.5, 21.75], "size": [4.5, 1.25, 2.75], "inflate": -0.5, "pivot": [0, 25.75, 22.25], "rotation": [-12.5, 0, 0], "uv": [113, 121]},
						{"origin": [-2.25, 21.125, 21.725], "size": [4.5, 4.75, 4.475], "inflate": -0.5, "pivot": [0, 25.375, 23.95], "rotation": [-25, 0, 0], "uv": [116, 36]},
						{"origin": [-2.25, 20.4, 25.025], "size": [4.5, 4.75, 2.75], "inflate": -0.5, "pivot": [0, 24.65, 25.525], "rotation": [-40, 0, 0], "uv": [59, 108]},
						{"origin": [-2.25, 19.275, 26.375], "size": [4.5, 4.75, 6.25], "inflate": -0.5, "pivot": [0, 23.525, 26.875], "rotation": [-55, 0, 0], "uv": [0, 0]},
						{"origin": [-2.25, 15.45061, 27.97267], "size": [4.5, 7.475, 2.9], "inflate": -0.5, "pivot": [0, 19.18811, 29.44767], "rotation": [-67.25, 0, 0], "uv": [100, 20]}
					]
				},
				{
					"name": "gun_body",
					"parent": "gun",
					"pivot": [0, 0, 17]
				},
				{
					"name": "bolt",
					"parent": "gun_body",
					"pivot": [0, 26.45, -16.325],
					"cubes": [
						{"origin": [0.25, 21.85, -6], "size": [2.5, 1.5, 1.5], "inflate": -0.5, "pivot": [1.5, 22.6, -5.25], "rotation": [22.5, 0, 0], "uv": [97, 114]},
						{"origin": [2, 21.85, -6], "size": [2.25, 1.5, 1.5], "inflate": -0.25, "pivot": [3.125, 22.6, -5.25], "rotation": [75, 0, 0], "uv": [88, 114]}
					]
				},
				{
					"name": "gun_chassis",
					"parent": "gun_body",
					"pivot": [0, 0, 17],
					"cubes": [
						{"origin": [-2.8, 25.2, -14.825], "size": [5.6, 2, 2], "inflate": -0.65, "pivot": [0.5, 25.7, -14.325], "rotation": [45, 0, 0], "uv": [108, 85]},
						{"origin": [-2.3, 25.7, -16.575], "size": [4.6, 1, 1], "inflate": -0.25, "pivot": [0, 26.2, -16.075], "rotation": [-22.5, 0, 0], "uv": [100, 59]},
						{"origin": [-2.3, 24.95, -14.825], "size": [4.6, 1, 1], "inflate": -0.25, "pivot": [0, 25.45, -14.325], "rotation": [-22.5, 0, 0], "uv": [38, 97]},
						{"origin": [-2.4, 17.2, 1.625], "size": [4.8, 1.25, 1.25], "inflate": -0.25, "pivot": [0, 17.7, 2.375], "rotation": [-90, 0, 0], "uv": [45, 125]},
						{"origin": [-2.4, 16.95, -1.975], "size": [4.8, 1, 1], "inflate": -0.25, "pivot": [0, 17.45, -1.475], "rotation": [-45, 0, 0], "uv": [31, 125]},
						{"origin": [0.95, 16.95, -16.225], "size": [1.35, 1, 1], "inflate": -0.25, "pivot": [0, 17.45, -15.725], "rotation": [-45, 0, 0], "uv": [69, 108]},
						{"origin": [0.95, 16.95, -14.475], "size": [1.35, 1, 1], "inflate": -0.25, "pivot": [0, 17.45, -13.975], "rotation": [-45, 0, 0], "uv": [80, 105]},
						{"origin": [0.95, 16.95, -12.725], "size": [1.35, 1, 1], "inflate": -0.25, "pivot": [0, 17.45, -12.225], "rotation": [-45, 0, 0], "uv": [80, 103]},
						{"origin": [0.95, 16.95, -10.975], "size": [1.35, 1, 1], "inflate": -0.25, "pivot": [0, 17.45, -10.475], "rotation": [-45, 0, 0], "uv": [0, 103]},
						{"origin": [0.95, 16.95, -9.225], "size": [1.35, 1, 1], "inflate": -0.25, "pivot": [0, 17.45, -8.725], "rotation": [-45, 0, 0], "uv": [80, 101]},
						{"origin": [-2.3, 16.95, -16.225], "size": [1.35, 1, 1], "inflate": -0.25, "pivot": [0, 17.45, -15.725], "rotation": [-45, 0, 0], "uv": [98, 46]},
						{"origin": [-2.3, 16.95, -14.475], "size": [1.35, 1, 1], "inflate": -0.25, "pivot": [0, 17.45, -13.975], "rotation": [-45, 0, 0], "uv": [100, 29]},
						{"origin": [-2.3, 16.95, -12.725], "size": [1.35, 1, 1], "inflate": -0.25, "pivot": [0, 17.45, -12.225], "rotation": [-45, 0, 0], "uv": [100, 31]},
						{"origin": [-2.3, 16.95, -10.975], "size": [1.35, 1, 1], "inflate": -0.25, "pivot": [0, 17.45, -10.475], "rotation": [-45, 0, 0], "uv": [0, 101]},
						{"origin": [-2.3, 16.95, -9.225], "size": [1.35, 1, 1], "inflate": -0.25, "pivot": [0, 17.45, -8.725], "rotation": [-45, 0, 0], "uv": [30, 101]},
						{"origin": [-2.4, 16.95, -0.725], "size": [4.8, 1, 1], "inflate": -0.25, "pivot": [0, 17.45, -0.225], "rotation": [-45, 0, 0], "uv": [113, 124]},
						{"origin": [-2.4, 16.95, 0.525], "size": [4.8, 1, 1], "inflate": -0.25, "pivot": [0, 17.45, 1.025], "rotation": [-45, 0, 0], "uv": [124, 101]},
						{"origin": [-2.4, 16.95, 3.525], "size": [4.8, 1, 1], "inflate": -0.25, "pivot": [0, 17.45, 4.025], "rotation": [-45, 0, 0], "uv": [73, 124]},
						{"origin": [-2.4, 26.025, 3.025], "size": [4.8, 1, 1], "inflate": -0.25, "pivot": [0, 26.525, 3.525], "rotation": [-45, 0, 0], "uv": [73, 122]},
						{"origin": [-2.4, 26.025, 5.025], "size": [4.8, 1, 1], "inflate": -0.25, "pivot": [0, 26.525, 5.525], "rotation": [-45, 0, 0], "uv": [59, 122]},
						{"origin": [-2.4, 26.025, 7.025], "size": [4.8, 1, 1], "inflate": -0.25, "pivot": [0, 26.525, 7.525], "rotation": [-45, 0, 0], "uv": [45, 121]},
						{"origin": [-1.3, 27.275, 7.275], "size": [2.6, 1, 1], "inflate": -0.25, "pivot": [0, 27.775, 7.775], "rotation": [-45, 0, 0], "uv": [9, 95]},
						{"origin": [-2.5, 25.525, 10.025], "size": [5, 1, 1], "inflate": -0.25, "pivot": [0, 26.025, 10.525], "rotation": [-45, 0, 0], "uv": [59, 114]},
						{"origin": [-2.5, 22.525, 10.025], "size": [5, 1, 1], "inflate": -0.25, "pivot": [0, 23.025, 10.525], "rotation": [-45, 0, 0], "uv": [88, 90]},
						{"origin": [-2.5, 19.525, 10.025], "size": [5, 1, 1], "inflate": -0.25, "pivot": [0, 20.025, 10.525], "rotation": [-45, 0, 0], "uv": [52, 77]},
						{"origin": [-2.4, 16.95, 5.275], "size": [4.8, 1, 1], "inflate": -0.25, "pivot": [0, 17.45, 5.775], "rotation": [-45, 0, 0], "uv": [59, 124]},
						{"origin": [-2.4, 16.95, 7.025], "size": [4.8, 1, 1], "inflate": -0.25, "pivot": [0, 17.45, 7.525], "rotation": [-45, 0, 0], "uv": [19, 124]},
						{"origin": [-2.4, 16.95, 8.775], "size": [4.8, 1, 1], "inflate": -0.25, "pivot": [0, 17.45, 9.275], "rotation": [-45, 0, 0], "uv": [45, 123]},
						{"origin": [-2.4, 16.95, 10.775], "size": [4.8, 1, 1], "inflate": -0.25, "pivot": [0, 17.45, 11.275], "rotation": [-45, 0, 0], "uv": [10, 123]},
						{"origin": [1, 17, -17], "size": [1, 5, 28], "uv": [52, 51]},
						{"origin": [0.5, 21.5, -6.25], "size": [2, 1.25, 10.25], "inflate": -0.5, "uv": [73, 120]},
						{"origin": [0.5, 22.5, -6.25], "size": [2, 1.25, 10.25], "inflate": -0.5, "uv": [45, 118]},
						{"origin": [-2.5, 21.5, -6.25], "size": [2, 1.25, 10.25], "inflate": -0.5, "uv": [31, 117]},
						{"origin": [-2.5, 22.5, -6.25], "size": [2, 1.25, 10.25], "inflate": -0.5, "uv": [118, 0]},
						{"origin": [1, 22, -17], "size": [1, 1.5, 11.25], "uv": [18, 117]},
						{"origin": [-2, 22, -17], "size": [1, 1.5, 11.25], "uv": [23, 85]},
						{"origin": [1, 22, 4.75], "size": [1, 1.25, 4], "uv": [86, 0]},
						{"origin": [-2, 22, 4.75], "size": [1, 1.25, 4], "uv": [23, 85]},
						{"origin": [-2.1, 16.9, -2.25], "size": [4.2, 1.1, 15.25], "uv": [0, 83]},
						{"origin": [-2.1, 19.4, -2], "size": [4.2, 2.1, 8.75], "uv": [97, 121]},
						{"origin": [-2.1, 22.25, -7.75], "size": [4.2, 1, 1.5], "uv": [118, 8]},
						{"origin": [-2.1, 21, -7.75], "size": [4.2, 1, 1.5], "uv": [42, 110]},
						{"origin": [-2.35, 17.75, 2], "size": [4.7, 1, 1], "inflate": -0.25, "uv": [73, 126]},
						{"origin": [-2.35, 17.75, 1.25], "size": [4.7, 1, 1.25], "inflate": -0.25, "pivot": [0, 18.525, 2.25], "rotation": [42.5, 0, 0], "uv": [59, 126]},
						{"origin": [-2.35, 17.75, 2.5], "size": [4.7, 1, 1.25], "inflate": -0.25, "pivot": [0, 18.5, 2.775], "rotation": [-42.5, 0, 0], "uv": [18, 126]},
						{"origin": [-2.1, 26, 1.75], "size": [4.2, 1.1, 11.25], "uv": [23, 101]},
						{"origin": [-2.1, 18, 11], "size": [4.2, 8, 2], "uv": [36, 72]},
						{"origin": [-2.2, 19, 8.75], "size": [4.4, 8.2, 2.35], "uv": [36, 85]},
						{"origin": [-1.95, 24.25, 4], "size": [3.9, 2.95, 4.75], "uv": [100, 29]},
						{"origin": [-1.5, 26.5, 3.75], "size": [3, 1.5, 5.25], "inflate": -0.5, "uv": [81, 93]},
						{"origin": [-1.2, 27, 6.5], "size": [2.4, 1.25, 2.25], "inflate": -0.5, "uv": [52, 5]},
						{"origin": [-1.2, 27.25, 6.75], "size": [2.4, 1.25, 1.75], "inflate": -0.5, "uv": [45, 113]},
						{"origin": [-0.2, 27.075, 4.625], "size": [1.15, 1.5, 3.65], "inflate": -0.5, "uv": [118, 0]},
						{"origin": [-0.95, 27.075, 4.625], "size": [1.15, 1.5, 3.65], "inflate": -0.5, "uv": [45, 117]},
						{"origin": [-0.95, 27.075, 4.475], "size": [1.9, 1.5, 1.15], "inflate": -0.5, "uv": [86, 0]},
						{"origin": [-0.8, 27.2, 5.975], "size": [1.65, 1.25, 1.15], "inflate": -0.5, "uv": [29, 85]},
						{"origin": [-0.85, 27.2, 6.725], "size": [1.7, 1.45, 1.95], "inflate": -0.5, "uv": [23, 85]},
						{"origin": [-0.85, 27.65, 6.925], "size": [1.7, 1.075, 1.55], "inflate": -0.5, "uv": [84, 30]},
						{"origin": [-0.4, 27.725, 7.025], "size": [1.25, 1.075, 1.1], "inflate": -0.5, "uv": [84, 28]},
						{"origin": [-0.85, 27.725, 7.025], "size": [1.25, 1.075, 1.1], "inflate": -0.5, "uv": [82, 58]},
						{"origin": [-0.825, 27.65, 7.45], "size": [1.225, 1.075, 1.1], "inflate": -0.5, "pivot": [-0.225, 28.2125, 7.95], "rotation": [-45, 0, 0], "uv": [82, 56]},
						{"origin": [-0.4, 27.65, 6.85], "size": [1.2, 1.075, 1.1], "inflate": -0.5, "pivot": [0.225, 28.2125, 7.45], "rotation": [45, 0, 0], "uv": [38, 51]},
						{"origin": [-0.4, 27.65, 7.45], "size": [1.225, 1.075, 1.1], "inflate": -0.5, "pivot": [0.225, 28.2125, 7.95], "rotation": [-45, 0, 0], "uv": [82, 51]},
						{"origin": [-0.825, 27.65, 6.85], "size": [1.225, 1.075, 1.1], "inflate": -0.5, "pivot": [-0.225, 28.2125, 7.45], "rotation": [45, 0, 0], "uv": [82, 53]},
						{"origin": [0.25, 27, 3.75], "size": [1.25, 1.5, 5.25], "inflate": -0.5, "uv": [88, 84]},
						{"origin": [-1.5, 27, 3.75], "size": [1.25, 1.5, 5.25], "inflate": -0.5, "uv": [38, 12]},
						{"origin": [-1.5, 27.5, 4.25], "size": [1.25, 1.5, 4.25], "inflate": -0.5, "uv": [39, 29]},
						{"origin": [-1.5, 27.5, 7.5], "size": [1.25, 1.5, 1.7], "inflate": -0.5, "pivot": [-1, 28.5, 8], "rotation": [-45, 0, 0], "uv": [88, 51]},
						{"origin": [-1.2, 27, 7.5], "size": [2.4, 1.5, 1.35], "inflate": -0.5, "pivot": [-1, 28, 8], "rotation": [-45, 0, 0], "uv": [88, 112]},
						{"origin": [0.25, 27.5, 3.55], "size": [1.25, 1.5, 1.7], "inflate": -0.5, "pivot": [1, 28.5, 4.75], "rotation": [45, 0, 0], "uv": [86, 2]},
						{"origin": [0.25, 27.5, 4.25], "size": [1.25, 1.5, 4.25], "inflate": -0.5, "uv": [39, 24]},
						{"origin": [0.25, 27.5, 7.5], "size": [1.25, 1.5, 1.7], "inflate": -0.5, "pivot": [1, 28.5, 8], "rotation": [-45, 0, 0], "uv": [23, 87]},
						{"origin": [-1.5, 27.5, 3.55], "size": [1.25, 1.5, 1.7], "inflate": -0.5, "pivot": [-1, 28.5, 4.75], "rotation": [45, 0, 0], "uv": [29, 87]},
						{"origin": [-1.2, 27, 6.4], "size": [2.4, 1.5, 1.35], "inflate": -0.5, "pivot": [-1, 28, 7.25], "rotation": [45, 0, 0], "uv": [62, 55]},
						{"origin": [-2, 17, -17], "size": [1, 5, 28], "uv": [82, 46]},
						{"origin": [-1, 17, -8.5], "size": [2, 1, 6.25], "uv": [108, 94]},
						{"origin": [-1.25, 22, -5.75], "size": [2.5, 1.25, 10.5], "uv": [59, 119]},
						{"origin": [-1, 17.5, -16.5], "size": [2, 1, 8], "uv": [0, 10]},
						{"origin": [-1, 17, -17], "size": [2, 6.5, 1], "uv": [82, 65]},
						{"origin": [-2, 25, -16], "size": [1, 1.5, 1.5], "uv": [80, 112]},
						{"origin": [0.75, 23.25, -16.25], "size": [1.5, 2, 1.5], "inflate": -0.25, "uv": [39, 24]},
						{"origin": [1.5, 23, -16], "size": [2, 2.5, 1.25], "inflate": -0.5, "uv": [110, 3]},
						{"origin": [1.5, 23, -15.75], "size": [2, 2.5, 1.25], "inflate": -0.5, "pivot": [2, 23.25, -15], "rotation": [0, 15, 0], "uv": [108, 97]},
						{"origin": [-3.5, 23, -15.75], "size": [2, 2.5, 1.25], "inflate": -0.5, "pivot": [-2, 23.25, -15], "rotation": [0, -15, 0], "uv": [108, 94]},
						{"origin": [-3.5, 23, -8.75], "size": [2, 2.5, 1.25], "inflate": -0.5, "uv": [107, 103]},
						{"origin": [1.4353, 23, -8.86633], "size": [2, 2.5, 1.25], "inflate": -0.5, "pivot": [2.47531, 24, -8.18742], "rotation": [0, -15, 0], "uv": [67, 104]},
						{"origin": [1.5, 23, -8.75], "size": [2, 2.5, 1.25], "inflate": -0.5, "uv": [97, 106]},
						{"origin": [1, 22.75, -6.25], "size": [1.5, 3.25, 8.5], "inflate": -0.5, "uv": [123, 20]},
						{"origin": [-2, 22.75, 1.75], "size": [4, 3.75, 1.5], "inflate": -0.5, "uv": [100, 51]},
						{"origin": [1, 22.75, 1.25], "size": [1.5, 3.75, 8], "inflate": -0.5, "uv": [28, 0]},
						{"origin": [-2.5, 22.75, 1.25], "size": [1.5, 3.75, 8], "inflate": -0.5, "uv": [0, 24]},
						{"origin": [-2.5, 22.75, -6.25], "size": [1.5, 3.25, 8.5], "inflate": -0.5, "uv": [121, 121]},
						{"origin": [-2.5, 23, -9], "size": [1.5, 3, 3.75], "inflate": -0.5, "uv": [28, 11]},
						{"origin": [1, 23, -9], "size": [1.5, 3, 3.75], "inflate": -0.5, "uv": [28, 0]},
						{"origin": [-3.4353, 23, -8.86633], "size": [2, 2.5, 1.25], "inflate": -0.5, "pivot": [-2.47531, 24, -8.18742], "rotation": [0, 15, 0], "uv": [107, 106]},
						{"origin": [-3.5, 23, -16], "size": [2, 2.5, 1.25], "inflate": -0.5, "uv": [110, 0]},
						{"origin": [-2.25, 23.25, -16.25], "size": [1.5, 2, 1.5], "inflate": -0.25, "uv": [39, 29]},
						{"origin": [-1, 23.5, -16], "size": [2, 3, 1], "uv": [44, 43]},
						{"origin": [-2, 23.5, -17], "size": [4, 2.5, 1], "uv": [112, 63]},
						{"origin": [-2.25, 25.55, -16.625], "size": [4.5, 1.5, 1.225], "inflate": -0.25, "pivot": [2.05, 26.3, -16.15], "rotation": [32.5, 0, 0], "uv": [127, 11]},
						{"origin": [-2.25, 25.28059, -16.97349], "size": [4.5, 1.5, 1.2], "inflate": -0.25, "pivot": [-2.05, 26.03059, -16.37349], "rotation": [57.5, 0, 0], "uv": [113, 126]},
						{"origin": [1, 25, -16], "size": [1, 1.5, 1.5], "uv": [0, 112]},
						{"origin": [0.5, 26, -16.5], "size": [2, 1.5, 3], "inflate": -0.5, "uv": [23, 101]},
						{"origin": [-2.5, 26, -16.5], "size": [2, 1.5, 3], "inflate": -0.5, "uv": [100, 55]},
						{"origin": [-1.5, 26, -16.5], "size": [3, 1.5, 2], "inflate": -0.5, "uv": [110, 36]},
						{"origin": [1, 25, -14.5], "size": [1, 1.5, 1], "uv": [110, 20]},
						{"origin": [-2, 25, -14.5], "size": [1, 1.5, 1], "uv": [0, 110]},
						{"origin": [-2.5, 25.5, -14.375], "size": [2, 1.5, 1.375], "inflate": -0.5, "pivot": [-2, 26.5, -13.5], "rotation": [-60, 0, 0], "uv": [118, 98]},
						{"origin": [0.5, 26.125, -15], "size": [2, 1.375, 1.5], "inflate": -0.5, "pivot": [2, 27, -14], "rotation": [60, 0, 0], "uv": [107, 114]},
						{"origin": [0.5, 25.5, -14.375], "size": [2, 1.5, 1.375], "inflate": -0.5, "pivot": [2, 26.5, -13.5], "rotation": [-60, 0, 0], "uv": [116, 79]},
						{"origin": [-2.5, 26.125, -15], "size": [2, 1.375, 1.5], "inflate": -0.5, "pivot": [-2, 27, -14], "rotation": [60, 0, 0], "uv": [116, 81]},
						{"origin": [-3.25, 23, -16], "size": [6.5, 1.25, 8.5], "inflate": -0.5, "uv": [82, 65]},
						{"origin": [2.25, 23, -15.75], "size": [1.5, 1.25, 2.75], "inflate": -0.5, "pivot": [2.75, 23.75, -11.75], "rotation": [0, 0, 35], "uv": [67, 101]},
						{"origin": [-3.675, 23.075, -14], "size": [1.25, 1.125, 4.5], "inflate": -0.5, "pivot": [-2.75, 23.75, -11.75], "rotation": [0, 0, -35], "uv": [82, 51]},
						{"origin": [-3.75, 23, -10.5], "size": [1.5, 1.25, 2.75], "inflate": -0.5, "pivot": [-2.75, 23.75, -7], "rotation": [0, 0, -35], "uv": [100, 36]},
						{"origin": [-3.75, 23, -13.5], "size": [1.5, 1.25, 3.5], "inflate": -0.5, "pivot": [-2.75, 23.75, -11.75], "rotation": [0, 0, -35], "uv": [0, 121]},
						{"origin": [-3.75, 23, -15.75], "size": [1.5, 1.25, 2.75], "inflate": -0.5, "pivot": [-2.75, 23.75, -11.75], "rotation": [0, 0, -35], "uv": [100, 39]},
						{"origin": [2.25, 23, -13.5], "size": [1.5, 1.25, 3.5], "inflate": -0.5, "pivot": [2.75, 23.75, -11.75], "rotation": [0, 0, 35], "uv": [31, 121]},
						{"origin": [2.425, 23.075, -14], "size": [1.25, 1.125, 4.5], "inflate": -0.5, "pivot": [2.75, 23.75, -11.75], "rotation": [0, 0, 35], "uv": [82, 56]},
						{"origin": [2.25, 23, -10.5], "size": [1.5, 1.25, 2.75], "inflate": -0.5, "pivot": [2.75, 23.75, -7], "rotation": [0, 0, 35], "uv": [59, 101]},
						{"origin": [-2, 22.75, -8.5], "size": [4, 1.5, 14.5], "inflate": -0.5, "uv": [108, 79]}
					]
				},
				{
					"name": "top_cover",
					"parent": "gun_body",
					"pivot": [0, 26.5, -14],
					"cubes": [
						{"origin": [-2.9, 25.275, -0.475], "size": [5.8, 2, 2], "inflate": -0.5, "uv": [86, 46]},
						{"origin": [-2.275, 25.5, -14], "size": [4.55, 2, 16.25], "inflate": -0.5, "uv": [84, 85]},
						{"origin": [-3.25, 26.35, -13.5], "size": [1.975, 1.15, 3.75], "inflate": -0.5, "uv": [73, 118]},
						{"origin": [1.275, 26.35, -13.5], "size": [1.975, 1.15, 3.75], "inflate": -0.5, "uv": [59, 118]},
						{"origin": [-3.5, 25.475, -13.5], "size": [7, 1.875, 3.75], "inflate": -0.5, "uv": [26, 37]},
						{"origin": [1.25, 24.5, -10.75], "size": [1.275, 2.85, 3], "inflate": -0.5, "uv": [52, 32]},
						{"origin": [-2.525, 24.5, -10.75], "size": [1.275, 2.85, 3], "inflate": -0.5, "uv": [52, 0]},
						{"origin": [-2.525, 24.5, -14], "size": [5.05, 2.825, 1.75], "inflate": -0.5, "uv": [123, 31]},
						{"origin": [1.5, 24.5, -13.5], "size": [2, 2, 1.25], "inflate": -0.5, "uv": [59, 104]},
						{"origin": [-3.5, 24.5, -13.5], "size": [2, 2, 1.25], "inflate": -0.5, "uv": [97, 103]},
						{"origin": [1.25, 25, -8.75], "size": [1.275, 2.35, 11], "inflate": -0.5, "uv": [23, 72]},
						{"origin": [-2.525, 25, -8.75], "size": [1.275, 2.35, 11], "inflate": -0.5, "uv": [26, 24]},
						{"origin": [0, 24.5, -11], "size": [3.5, 2, 1.25], "inflate": -0.5, "uv": [52, 56]},
						{"origin": [-0.25, 25.25, -13.25], "size": [3.25, 1.25, 3.25], "inflate": -0.5, "pivot": [1.375, 25.875, -11.625], "rotation": [0, 0, 12.5], "uv": [87, 120]},
						{"origin": [2, 26.2, -13.5], "size": [1.25, 1.3, 3.75], "inflate": -0.5, "pivot": [2.75, 27, -11.625], "rotation": [0, 0, -60], "uv": [123, 20]},
						{"origin": [1.025, 26.2, -14], "size": [1.25, 1.3, 16.25], "inflate": -0.5, "pivot": [1.775, 27, -8.625], "rotation": [0, 0, -57.5], "uv": [97, 104]},
						{"origin": [-2.275, 26.2, -14], "size": [1.25, 1.3, 16.25], "inflate": -0.5, "pivot": [-1.775, 27, -8.625], "rotation": [0, 0, 57.5], "uv": [79, 103]},
						{"origin": [-3.25, 26.2, -13.5], "size": [1.25, 1.3, 3.75], "inflate": -0.5, "pivot": [-2.75, 27, -11.625], "rotation": [0, 0, 60], "uv": [97, 121]},
						{"origin": [-3.5, 24.5, -11], "size": [3.5, 2, 1.25], "inflate": -0.5, "uv": [123, 24]},
						{"origin": [-1.5, 26, -15], "size": [3, 1.5, 2], "inflate": -0.5, "uv": [23, 108]},
						{"origin": [-1.5, 26, -15.375], "size": [3, 1.5, 1.375], "inflate": -0.5, "pivot": [0, 27, -14.5], "rotation": [30, 0, 0], "uv": [28, 17]},
						{"origin": [-1.5, 26, -15.5], "size": [3, 1.375, 1.5], "inflate": -0.5, "pivot": [0, 26.5, -15], "rotation": [-30, 0, 0], "uv": [28, 6]},
						{"origin": [-1.5, 25.75, -15.5], "size": [3, 1.25, 2.5], "inflate": -0.5, "uv": [42, 107]}
					]
				},
				{
					"name": "barrel",
					"parent": "gun",
					"pivot": [0, 22, -37],
					"cubes": [
						{"origin": [-0.5, 21.5, -66.5], "size": [1, 1, 50], "inflate": 0.5, "pivot": [0, 22, -37], "rotation": [0, 0, -20], "uv": [0, 0]},
						{"origin": [-1, 21, -65], "size": [2, 2, 48], "inflate": 0.15, "pivot": [0, 22, -37], "rotation": [0, 0, -20], "uv": [0, 51]},
						{"origin": [-1, 21, -61], "size": [2, 2, 44], "inflate": 0.3, "pivot": [0, 22, -37], "rotation": [0, 0, -20], "uv": [52, 0]}
					]
				},
				{
					"name": "carry_group",
					"parent": "gun",
					"pivot": [0.125, 22, -22.5],
					"cubes": [
						{"origin": [-2, 21.3, -26.75], "size": [4, 1.4, 2.75], "inflate": 0.1, "uv": [124, 98]},
						{"origin": [-1.9, 21.075, -26.75], "size": [3.875, 1.675, 2.75], "inflate": 0.1, "pivot": [0.125, 22, -22.5], "rotation": [0, 0, 45], "uv": [112, 69]},
						{"origin": [-2, 21.3, -26.75], "size": [4, 1.4, 2.75], "inflate": 0.1, "pivot": [0, 22, -22.5], "rotation": [0, 0, 90], "uv": [87, 124]},
						{"origin": [-1.725, 21.075, -26.75], "size": [3.875, 1.675, 2.75], "inflate": 0.1, "pivot": [0.125, 22, -22.5], "rotation": [0, 0, 135], "uv": [112, 66]},
						{"origin": [2.59669, 19.62589, -27], "size": [1.375, 5.675, 3.25], "inflate": -0.5, "pivot": [2.03419, 22.08839, -25.375], "rotation": [0, 0, 147.5], "uv": [10, 24]},
						{"origin": [1.59669, 19.62589, -27], "size": [1.375, 5.675, 3.25], "inflate": -0.5, "pivot": [2.03419, 22.08839, -25.375], "rotation": [0, 0, 147.5], "uv": [0, 24]},
						{"origin": [0.85741, 19.15828, -26.5], "size": [2.875, 2.25, 2.25], "inflate": -0.5, "pivot": [2.29491, 20.28328, -25.375], "rotation": [45, 0, 147.5], "uv": [31, 117]},
						{"origin": [1.02301, 21.59209, -26.3], "size": [1.85, 3.175, 1.85], "inflate": -0.5, "pivot": [1.69801, 21.42959, -25.625], "rotation": [0, -25, 147.5], "uv": [38, 11]},
						{"origin": [0.77301, 23.59209, -26.55], "size": [2.35, 19.925, 2.35], "inflate": -0.5, "pivot": [1.69801, 21.42959, -25.625], "rotation": [0, -25, 147.5], "uv": [40, 51]},
						{"origin": [-2.87301, 21.59209, -26.3], "size": [1.85, 3.175, 1.85], "inflate": -0.5, "pivot": [-1.69801, 21.42959, -25.625], "rotation": [0, 25, -147.5], "uv": [0, 35]},
						{"origin": [-3.97169, 19.62589, -27], "size": [1.375, 5.675, 3.25], "inflate": -0.5, "pivot": [-2.03419, 22.08839, -25.375], "rotation": [0, 0, -147.5], "uv": [0, 10]},
						{"origin": [-2.97169, 19.62589, -27], "size": [1.375, 5.675, 3.25], "inflate": -0.5, "pivot": [-2.03419, 22.08839, -25.375], "rotation": [0, 0, -147.5], "uv": [12, 10]},
						{"origin": [-3.73241, 19.15828, -26.5], "size": [2.875, 2.25, 2.25], "inflate": -0.5, "pivot": [-2.29491, 20.28328, -25.375], "rotation": [45, 0, -147.5], "uv": [21, 117]},
						{"origin": [-14.89013, 4.81378, -27.29277], "size": [3.35, 1.425, 2.25], "inflate": -0.5, "pivot": [-13.21513, 3.12628, -23.24277], "rotation": [45, 0, -147.5], "uv": [86, 41]},
						{"origin": [-14.89013, 1.91378, -24.34277], "size": [3.35, 1.425, 2.25], "inflate": -0.5, "pivot": [-13.21513, 3.12628, -23.24277], "rotation": [-45, 0, -147.5], "uv": [42, 101]},
						{"origin": [-14.89013, 2.41378, -27.21777], "size": [3.35, 1.425, 3.85], "inflate": -0.5, "pivot": [-13.21513, 3.12628, -25.29277], "rotation": [0, 0, -147.5], "uv": [118, 11]},
						{"origin": [-3.12301, 23.59209, -26.55], "size": [2.35, 19.925, 2.35], "inflate": -0.5, "pivot": [-1.69801, 21.42959, -25.625], "rotation": [0, 25, -147.5], "uv": [32, 51]},
						{"origin": [11.54013, 2.41378, -27.21777], "size": [3.35, 1.425, 3.85], "inflate": -0.5, "pivot": [13.21513, 3.12628, -25.29277], "rotation": [0, 0, 147.5], "uv": [118, 94]},
						{"origin": [11.54013, 1.91378, -24.34277], "size": [3.35, 1.425, 2.25], "inflate": -0.5, "pivot": [13.21513, 3.12628, -23.24277], "rotation": [-45, 0, 147.5], "uv": [23, 105]},
						{"origin": [11.54013, 4.81378, -27.29277], "size": [3.35, 1.425, 2.25], "inflate": -0.5, "pivot": [13.21513, 3.12628, -23.24277], "rotation": [45, 0, 147.5], "uv": [42, 104]},
						{"origin": [-0.625, 23.75, -26.85], "size": [1.2, 2.45, 2.95], "inflate": -0.25, "uv": [62, 51]},
						{"origin": [-1.025, 25, -27.35], "size": [2, 2, 1.45], "inflate": -0.5, "uv": [97, 111]},
						{"origin": [-1.025, 25, -24.85], "size": [2, 2, 1.45], "inflate": -0.5, "uv": [110, 39]},
						{"origin": [2, 18, -23.5], "size": [1, 4.5, 16.25], "inflate": -0.25, "uv": [100, 0]},
						{"origin": [2, 19.25, -16], "size": [16.25, 2, 1.25], "inflate": -0.5, "uv": [52, 93]},
						{"origin": [1.75, 18.25, -16], "size": [16.5, 2, 1.25], "inflate": -0.5, "pivot": [2.75, 19.75, -15.375], "rotation": [0, 0, -3.5], "uv": [52, 46]},
						{"origin": [2, 19.25, -8.75], "size": [16.25, 2, 1.25], "inflate": -0.5, "uv": [0, 47]},
						{"origin": [1.75, 18.25, -8.75], "size": [16.5, 2, 1.25], "inflate": -0.5, "pivot": [2.75, 19.75, -8.125], "rotation": [0, 0, -3.5], "uv": [52, 41]},
						{"origin": [2.25, 19.5, -23], "size": [1, 1.25, 1.25], "inflate": -0.25, "pivot": [2.75, 20.125, -22.375], "rotation": [-65, 0, 0], "uv": [46, 18]},
						{"origin": [2.25, 20.75, -23], "size": [1, 1.25, 1.25], "inflate": -0.25, "pivot": [2.75, 21.375, -22.375], "rotation": [-117.5, 0, 0], "uv": [38, 15]},
						{"origin": [1.75, 19, -27.5], "size": [1, 3.5, 6], "inflate": -0.25, "uv": [0, 83]}
					]
				},
				{
					"name": "carry_handle",
					"parent": "carry_group",
					"pivot": [-0.055, 26, -22.81],
					"cubes": [
						{"origin": [-0.525, 25.5, -26.35], "size": [1, 1, 1.95], "uv": [33, 113]},
						{"origin": [-0.125, 25.5, -25.4], "size": [7.5, 1, 1.25], "inflate": -0.25, "uv": [52, 96]},
						{"origin": [-0.125, 25.5, -26.15], "size": [2.75, 1, 1.25], "inflate": -0.25, "uv": [123, 121]},
						{"origin": [2.125, 25.5, -25.9], "size": [1.5, 1, 1], "inflate": -0.25, "uv": [95, 86]},
						{"origin": [-0.125, 25.5, -26.6], "size": [7.5, 1, 1.05], "inflate": -0.25, "pivot": [0.375, 26.75, -26.375], "rotation": [0, -12.5, 0], "uv": [34, 47]},
						{"origin": [5.625, 24.75, -24.85], "size": [2.5, 2.5, 1], "inflate": -0.25, "pivot": [6.875, 26, -24.35], "rotation": [0, 0, 25], "uv": [110, 11]},
						{"origin": [5.625, 24.75, -18.85], "size": [2.5, 2.5, 1], "inflate": -0.25, "pivot": [6.875, 26, -24.35], "rotation": [0, 0, 25], "uv": [8, 110]},
						{"origin": [6.175, 25.3, -24.35], "size": [1.4, 1.4, 6], "pivot": [6.875, 26, -21.35], "rotation": [0, 0, 42.5], "uv": [59, 101]}
					]
				},
				{
					"name": "barrel_shroud",
					"parent": "gun",
					"pivot": [0, 0, 10],
					"cubes": [
						{"origin": [-2.25, 22.05, -21.275], "size": [1, 2.625, 1.8], "inflate": -0.25, "pivot": [-1.75, 23.35, -20.125], "rotation": [-45, 0, 0], "uv": [45, 24]},
						{"origin": [-2.25, 19.25, -21.75], "size": [1, 4.25, 5], "inflate": -0.25, "uv": [80, 103]},
						{"origin": [1.25, 19.25, -21.75], "size": [1, 4.25, 5], "inflate": -0.25, "uv": [0, 101]},
						{"origin": [-2.25, 22.95, -20.25], "size": [1, 2.05, 3.5], "inflate": -0.25, "uv": [72, 51]},
						{"origin": [1.25, 22.95, -20.25], "size": [1, 2.05, 3.5], "inflate": -0.25, "uv": [52, 51]},
						{"origin": [1.25, 22.05, -21.275], "size": [1, 2.625, 1.8], "inflate": -0.25, "pivot": [1.75, 23.35, -20.125], "rotation": [-45, 0, 0], "uv": [70, 65]},
						{"origin": [-2.55, 22.2, -19.5], "size": [5.1, 2, 2], "inflate": -0.5, "pivot": [0.5, 22.7, -19], "rotation": [-22.5, 0, 0], "uv": [108, 89]},
						{"origin": [1.25, 16.75, -19.75], "size": [1, 3, 3], "inflate": -0.25, "uv": [0, 51]},
						{"origin": [-2.25, 16.75, -19.75], "size": [1, 3, 3], "inflate": -0.25, "uv": [38, 0]},
						{"origin": [-1.75, 17.25, -22.25], "size": [3.5, 1, 5.5], "inflate": -0.25, "pivot": [0, 17.5, -17], "rotation": [-42.5, 0, 0], "uv": [10, 117]},
						{"origin": [-1.75, 24, -22], "size": [3.5, 1, 5.5], "inflate": -0.25, "pivot": [0, 24.25, -16.75], "rotation": [22.5, 0, 0], "uv": [105, 79]},
						{"origin": [-2.25, 18.55, -20.275], "size": [1, 1.2, 1.025], "inflate": -0.25, "uv": [70, 113]},
						{"origin": [1.25, 18.55, -20.275], "size": [1, 1.2, 1.025], "inflate": -0.25, "uv": [110, 29]},
						{"origin": [-2.25, 17.75, -21.275], "size": [1, 2, 1.5], "inflate": -0.25, "uv": [70, 68]},
						{"origin": [1.25, 17.75, -21.275], "size": [1, 2, 1.5], "inflate": -0.25, "uv": [45, 29]},
						{"origin": [-2.25, 17.5, -20.275], "size": [1, 1, 1.025], "inflate": -0.25, "uv": [11, 114]},
						{"origin": [1.25, 17.5, -20.275], "size": [1, 1, 1.025], "inflate": -0.25, "uv": [110, 31]},
						{"origin": [-2.25, 17.125, -20.875], "size": [1, 1.2, 2.2], "inflate": -0.25, "pivot": [-1.75, 18.425, -20.025], "rotation": [-25.5, 0, 0], "uv": [107, 111]},
						{"origin": [1.25, 17.125, -20.875], "size": [1, 1.2, 2.2], "inflate": -0.25, "pivot": [1.75, 18.425, -20.025], "rotation": [-25.5, 0, 0], "uv": [110, 8]},
						{"origin": [-2.25, 17.47229, -21.44502], "size": [1, 2.35, 1], "inflate": -0.25, "pivot": [-1.5, 18.37229, -21.19502], "rotation": [15, 0, 0], "uv": [70, 62]},
						{"origin": [1.25, 17.47229, -21.44502], "size": [1, 2.35, 1], "inflate": -0.25, "pivot": [-2.5, 18.37229, -21.19502], "rotation": [15, 0, 0], "uv": [70, 59]},
						{"origin": [-1.25, 23.5, -18.5], "size": [2.5, 3.25, 2], "inflate": -0.5, "uv": [24, 51]},
						{"origin": [-0.75, 25.75, -18.5], "size": [1.5, 2.75, 2], "inflate": -0.5, "uv": [44, 39]},
						{"origin": [-0.525, 27.5, -18.45], "size": [1.05, 1.3, 1.825], "inflate": -0.5, "pivot": [0, 28.3, -17], "rotation": [10, 0, 0], "uv": [30, 51]},
						{"origin": [-0.75, 25.625, -18.5], "size": [1.5, 2.175, 2], "inflate": -0.5, "pivot": [0.25, 27.3, -17.5], "rotation": [0, 0, -25], "uv": [12, 35]},
						{"origin": [-0.75, 25.625, -18.5], "size": [1.5, 2.175, 2], "inflate": -0.5, "pivot": [-0.25, 27.3, -17.5], "rotation": [0, 0, 25], "uv": [14, 0]}
					]
				},
				{
					"name": "barrel_cover",
					"parent": "barrel_shroud",
					"pivot": [0.125, 22, -22.5],
					"cubes": [
						{"origin": [-2, 21.225, -32.5], "size": [4, 1.55, 15.5], "inflate": -0.05, "uv": [100, 20]},
						{"origin": [-1.9, 21, -32.5], "size": [3.875, 1.825, 15.5], "inflate": -0.05, "pivot": [0.125, 22, -22.5], "rotation": [0, 0, 45], "uv": [59, 102]},
						{"origin": [-2, 21.225, -32.5], "size": [4, 1.55, 15.5], "inflate": -0.05, "pivot": [0, 22, -22.5], "rotation": [0, 0, 90], "uv": [0, 101]},
						{"origin": [-1.725, 21, -32.5], "size": [3.875, 1.825, 15.5], "inflate": -0.05, "pivot": [0.125, 22, -22.5], "rotation": [0, 0, 135], "uv": [38, 101]}
					]
				},
				{
					"name": "magazine",
					"parent": "main",
					"pivot": [1.25, 0, 0]
				},
				{
					"name": "cartridges",
					"parent": "magazine",
					"pivot": [11.25, 23.625, -11.75],
					"cubes": [
						{"origin": [11.5, 16, -15], "size": [2, 2, 6.5], "inflate": -0.5, "pivot": [11.25, 23.625, -11.75], "rotation": [0, 0, 90], "uv": [97, 103]},
						{"origin": [3.375, 22.625, -15], "size": [2, 2, 6.5], "inflate": -0.5, "pivot": [4.375, 23.875, -11.75], "rotation": [0, 0, 47.5], "uv": [100, 8]},
						{"origin": [1.875, 23.275, -15], "size": [2, 2, 6.5], "inflate": -0.5, "pivot": [2.875, 24.275, -11.75], "rotation": [0, 0, 107.5], "uv": [100, 0]},
						{"origin": [0.375, 23.275, -15], "size": [2, 2, 6.5], "inflate": -0.5, "pivot": [1.375, 24.275, -11.75], "rotation": [0, 0, 90], "uv": [76, 0]},
						{"origin": [0.75, 22.525, -13.175], "size": [1.25, 1.75, 3.75], "inflate": -0.5, "pivot": [1.375, 24.275, -11.75], "rotation": [0, 0, 90], "uv": [102, 69]},
						{"origin": [0.75, 21.275, -13.175], "size": [1.25, 1.75, 2], "inflate": -0.5, "pivot": [1.375, 24.275, -11.75], "rotation": [0, 0, 90], "uv": [76, 3]},
						{"origin": [0.75, 21.275, -11.425], "size": [1.25, 1.75, 2], "inflate": -0.5, "pivot": [1.375, 24.275, -11.75], "rotation": [0, 0, 90], "uv": [76, 0]},
						{"origin": [0.75, 24.275, -13.175], "size": [1.25, 1.75, 3.75], "inflate": -0.5, "pivot": [1.375, 24.275, -11.75], "rotation": [0, 0, 90], "uv": [102, 65]},
						{"origin": [3.375, 23.4, -13.175], "size": [1.25, 1.75, 3.75], "inflate": -0.5, "pivot": [3.75, 24.275, -11.3], "rotation": [0, 0, 115], "uv": [7, 101]},
						{"origin": [4.65223, 22.89515, -13.175], "size": [1.25, 1.75, 3.75], "inflate": -0.5, "pivot": [4.77723, 23.52015, -11.3], "rotation": [0, 0, 152.5], "uv": [92, 93]},
						{"origin": [5.01678, 20.86201, -13.175], "size": [1.25, 1.75, 3.75], "inflate": -0.5, "pivot": [5.14178, 21.73701, -11.3], "rotation": [0, 0, -180], "uv": [52, 88]},
						{"origin": [5.01678, 22.36201, -13.175], "size": [1.25, 1.75, 3.75], "inflate": -0.5, "pivot": [5.14178, 21.73701, -11.3], "rotation": [0, 0, -180], "uv": [52, 84]},
						{"origin": [-1.125, 23.275, -15], "size": [2, 2, 6.5], "inflate": -0.5, "pivot": [-0.125, 24.275, -11.75], "rotation": [0, 0, 85], "uv": [64, 71]},
						{"origin": [13, 16, -15], "size": [2, 2, 6.5], "inflate": -0.5, "pivot": [11.25, 23.625, -11.75], "rotation": [0, 0, 90], "uv": [100, 36]},
						{"origin": [14.5, 16, -15], "size": [2, 2, 6.5], "inflate": -0.5, "pivot": [11.25, 23.625, -11.75], "rotation": [0, 0, 90], "uv": [62, 51]}
					]
				},
				{
					"name": "ammo_can_body",
					"parent": "magazine",
					"pivot": [11.25, 23.625, -11.75],
					"cubes": [
						{"origin": [11.25, 15.25, -15.75], "size": [14.25, 1.5, 8], "inflate": -0.5, "pivot": [11.25, 23.625, -11.75], "rotation": [0, 0, 90], "uv": [52, 84]},
						{"origin": [11.25, 31, -15.75], "size": [14.25, 1.5, 8], "inflate": -0.5, "pivot": [11.25, 23.625, -11.75], "rotation": [0, 0, 90], "uv": [52, 32]},
						{"origin": [11.25, 15.75, -15.75], "size": [14.25, 16.25, 1.5], "inflate": -0.5, "pivot": [11.25, 23.625, -11.75], "rotation": [0, 0, 90], "uv": [115, 103]},
						{"origin": [13.25, 15.75, -16.25], "size": [1.25, 16.25, 1.5], "inflate": -0.5, "pivot": [11.25, 23.625, -12.25], "rotation": [0, 0, 90], "uv": [41, 128]},
						{"origin": [13.5, 15.75, -16.25], "size": [2, 16.25, 1.25], "inflate": -0.5, "pivot": [11.25, 23.625, -12.25], "rotation": [0, 0, 90], "uv": [84, 8]},
						{"origin": [13.5, 15.75, -8.5], "size": [2, 16.25, 1.25], "inflate": -0.5, "pivot": [11.25, 23.625, -4.5], "rotation": [0, 0, 90], "uv": [74, 59]},
						{"origin": [13.25, 15.75, -8.75], "size": [1.25, 16.25, 1.5], "inflate": -0.5, "pivot": [11.25, 23.625, -4.75], "rotation": [0, 0, 90], "uv": [46, 0]},
						{"origin": [24.5, 15.25, -15.75], "size": [1.5, 17.25, 8], "inflate": -0.5, "pivot": [11.25, 23.625, -11.75], "rotation": [0, 0, 90], "uv": [0, 117]},
						{"origin": [11.25, 15.75, -9.25], "size": [14.25, 16.25, 1.5], "inflate": -0.5, "pivot": [11.25, 23.625, -11.75], "rotation": [0, 0, 90], "uv": [112, 46]}
					]
				},
				{
					"name": "ammo_can_lid",
					"parent": "magazine",
					"pivot": [19.7, 22.5625, -11.75],
					"rotation": [0, 0, 7.5],
					"cubes": [
						{"origin": [17.8375, 9.2375, -13.25], "size": [1.3, 1.25, 3], "inflate": -0.5, "pivot": [19.7, 22.5625, -11.75], "rotation": [0, 0, 90], "uv": [0, 117]},
						{"origin": [17.4375, 8.7375, -13.25], "size": [1.4, 11.75, 3], "inflate": -0.5, "pivot": [19.7, 22.5625, -11.75], "rotation": [0, 0, 90], "uv": [88, 25]},
						{"origin": [17.8375, 18.7375, -13.25], "size": [1.3, 1.25, 3], "inflate": -0.5, "pivot": [19.7, 22.5625, -11.75], "rotation": [0, 0, 90], "uv": [87, 103]},
						{"origin": [18.1375, 5.4875, -16], "size": [1.75, 18.25, 8.5], "inflate": -0.5, "pivot": [19.7, 22.5625, -11.75], "rotation": [0, 0, 90], "uv": [52, 51]},
						{"origin": [18.8875, 6.2375, -8.75], "size": [2.75, 16.5, 1.15], "inflate": -0.5, "pivot": [19.7, 22.5625, -11.75], "rotation": [0, 0, 90], "uv": [18, 129]},
						{"origin": [18.8875, 6.2375, -15.9], "size": [2.75, 16.5, 1.15], "inflate": -0.5, "pivot": [19.7, 22.5625, -11.75], "rotation": [0, 0, 90], "uv": [90, 8]},
						{"origin": [18.0875, 21.7375, -15.05], "size": [2.3, 2.05, 6.6], "inflate": -0.5, "pivot": [19.7, 22.5625, -11.75], "rotation": [0, 0, 90], "uv": [97, 111]},
						{"origin": [18.725, 22.325, -14.8], "size": [2.3, 1.5, 1.5], "inflate": -0.5, "pivot": [19.875, 23.075, -14.05], "rotation": [22.5, 0, 90], "uv": [0, 57]},
						{"origin": [18.725, 22.325, -13.3], "size": [2.3, 1.5, 1.5], "inflate": -0.5, "pivot": [19.875, 23.075, -12.55], "rotation": [22.5, 0, 90], "uv": [43, 37]},
						{"origin": [18.725, 22.325, -11.8], "size": [2.3, 1.5, 1.5], "inflate": -0.5, "pivot": [19.875, 23.075, -11.05], "rotation": [22.5, 0, 90], "uv": [14, 4]},
						{"origin": [18.725, 22.325, -10.3], "size": [2.3, 1.5, 1.5], "inflate": -0.5, "pivot": [19.875, 23.075, -9.55], "rotation": [22.5, 0, 90], "uv": [38, 6]},
						{"origin": [18.8875, 21.7375, -15.8], "size": [1.75, 1.75, 8.1], "inflate": -0.5, "pivot": [19.7, 22.5625, -11.75], "rotation": [0, 0, 90], "uv": [28, 11]}
					]
				},
				{
					"name": "rightarm",
					"parent": "main",
					"pivot": [-4.3, 8.8, 21.8],
					"rotation": [-101.81106, -12.40003, -2.46982],
					"cubes": [
						{"origin": [-8.475, 2.825, 17.25], "size": [8, 24, 8], "pivot": [-1.3, -3.2, 18.8], "rotation": [81.64916, -26.00852, 3.68296], "uv": [52, 0]}
					]
				},
				{
					"name": "leftarm",
					"parent": "main",
					"pivot": [17.7, 43.3, -8.6],
					"rotation": [-120.364, 50.10322, -80.1659],
					"cubes": [
						{"origin": [7.95, 24.3, -9.6], "size": [8, 24, 8], "pivot": [20.7, 31.3, -11.6], "rotation": [9.96271, 0.86717, -37.42442], "uv": [0, 51]}
					]
				},
				{
					"name": "muzzleflash",
					"parent": "main",
					"pivot": [0, 22.1, -67.5],
					"cubes": [
						{"origin": [-0.5, 21.6, -67.8], "size": [1, 1, 1], "inflate": -0.4, "uv": [10, 117]}
					]
				},
				{
					"name": "scope",
					"parent": "main",
					"pivot": [0, 40.3, 11.475],
					"cubes": [
						{"origin": [-0.5, 39.8, 11.175], "size": [1, 1, 1], "inflate": -0.4, "uv": [80, 114]}
					]
				}
			]
		}
	]
}