{
  "type": "pointblank:default",
  "ingredients": [
    {
      "count": 64,
      "item": "pointblank:gunmetal_ingot"
    },
    {
      "count": 20,
      "item": "pointblank:guninternals"
    },
    {
      "count": 32,
      "tag": "forge:ingots/iron"
    },
	{
      "count": 6,
      "tag": "forge:gems/diamond"
    },
    {
      "count": 2,
      "tag": "forge:ingots/gold"
    },
	{
      "count": 3,
      "tag": "forge:ingots/netherite"
    }
  ],
  "result": {
    "item": "pointblank:m2stinger"
  }
}