{
  "name" : "m2stinger",
  "type": "Gun",
  "maxAmmoCapacity" : 250,
  "compatibleAmmo" : ["ammocreative", "ammo30-06", "30_06_springfield"],
  "damage" : 8.0,
  "rpm" : 1300,
  "fireModes" : ["AUTOMATIC"],
  "fireSound" : "m2stinger",
  "drawCooldownDuration" : 1200,
  "aimingZoom" : 0.25,
  "gunRecoilInitialAmplitude" : 0.5,
  "shakeRecoilAmplitude" : 0.35,
  "shakeRecoilSpeed" : 2,
  "viewRecoilAmplitude" : 2,
  "inspectCooldownDuration": 3700,
  "phasedReloads": [
    {
      "phase": "RELOADING",
      "condition": "reloadIterationIndex == 0",
      "duration": 9870,
      "animation": "animation.model.reloadempty"
    },
    {
      "phase": "RELOADING",
      "condition": "reloadIterationIndex > 0",
      "duration": 8000,
      "animation": "animation.model.reload"
    }
  ]
}