{
	"format_version": "1.8.0",
	"animations": {
		"animation.model.draw": {
			"loop": true,
			"animation_length": 1.2,
			"bones": {
				"main": {
					"rotation": {
						"0.0": {
							"vector": [32.09413, -54.38778, -8.29667]
						},
						"0.35": {
							"vector": [0.50518, -5.08075, 6.8716],
							"easing": "easeOutSine"
						},
						"0.5": {
							"vector": [0.32389, -0.60235, -2.1558],
							"easing": "linear"
						},
						"0.6": {
							"vector": [0, 0, 0],
							"easing": "linear"
						}
					},
					"position": {
						"0.0": {
							"vector": [0, -17.3, 0]
						},
						"0.25": {
							"vector": [-0.4, -2.525, -1.625],
							"easing": "linear"
						},
						"0.4": {
							"vector": [-0.05, 0, -2.49],
							"easing": "linear"
						},
						"0.55": {
							"vector": [0, 0, 0],
							"easing": "linear"
						}
					}
				},
				"leftarm": {
					"rotation": {
						"0.0": {
							"vector": [0, 0, 0]
						},
						"0.2": {
							"vector": [1, 0, -22]
						},
						"0.4": {
							"vector": [0, 0, 0]
						}
					},
					"position": {
						"0.0": {
							"vector": [0, 0, 0]
						},
						"0.2": {
							"vector": [3.53901, 3.6754, 5.59783]
						},
						"0.4": {
							"vector": [0, 0, 0]
						}
					}
				}
			}
		},
		"animation.model.inspect": {
			"loop": true,
			"animation_length": 4.26667,
			"bones": {
				"main": {
					"rotation": {
						"0.0": {
							"vector": [0, 0, 0]
						},
						"0.1667": {
							"vector": [-8.41746, -13.59608, -21.21259],
							"easing": "linear"
						},
						"0.3": {
							"vector": [-8.39812, -20.10111, -31.77688]
						},
						"0.4333": {
							"vector": [-9.55676, -20.88889, -28.55629]
						},
						"0.5333": {
							"vector": [-8.77652, -21.21647, -30.72851]
						},
						"0.7667": {
							"vector": [-9.4227, -20.94881, -28.93303]
						},
						"1.0": {
							"vector": [-3.1216, -20.98207, -46.44405]
						},
						"1.1333": {
							"vector": [-4.564, -20.73064, -42.44007]
						},
						"1.2333": {
							"vector": [-4.86325, -20.9153, -41.60203]
						},
						"1.3333": {
							"vector": [-4.58308, -20.97575, -42.38574]
						},
						"1.4667": {
							"vector": [-4.01131, -21.08802, -43.97908]
						},
						"1.6": {
							"vector": [-4.38767, -21.01662, -42.9316]
						},
						"1.7": {
							"vector": [-4.18847, -21.05622, -43.48691],
							"easing": "linear"
						},
						"2.0333": {
							"vector": [-16.91438, 5.38499, 54.40399],
							"easing": "linear"
						},
						"2.1667": {
							"vector": [-15.22513, 5.80082, 60.04554]
						},
						"2.3": {
							"vector": [-15.70981, 5.86025, 59.48558]
						},
						"2.4333": {
							"vector": [-15.93602, 7.03904, 62.69373]
						},
						"2.5667": {
							"vector": [-15.60896, 7.75082, 65.23442]
						},
						"2.7333": {
							"vector": [-15.71675, 7.52491, 64.42194]
						},
						"2.9": {
							"vector": [-15.56389, 7.84019, 65.55973]
						},
						"3.1": {
							"vector": [-15.61778, 7.73186, 65.16659]
						},
						"3.2667": {
							"vector": [-15.9801, 6.93689, 62.33342]
						},
						"3.4": {
							"vector": [-8.86998, 2.42135, 33.56191]
						},
						"3.5333": {
							"vector": [0, -1.75, -2.75]
						},
						"3.7": {
							"vector": [0, 0, 0]
						}
					},
					"position": {
						"0.0": {
							"vector": [0, 0, 0]
						},
						"0.3": {
							"vector": [-0.475, 1.475, -8.7]
						},
						"0.4": {
							"vector": [-0.195, 1, -7.7]
						},
						"0.5333": {
							"vector": [-0.03, 0.725, -7.7]
						},
						"0.7": {
							"vector": [0, 1.125, -7.7]
						},
						"0.9": {
							"vector": [0.125, 1.4, -8.275]
						},
						"1.2": {
							"vector": [-0.02, 1.475, -8]
						},
						"1.4": {
							"vector": [0.11, 1.425, -8.175]
						},
						"1.6667": {
							"vector": [0.275, 1.25, -7.975]
						},
						"1.8": {
							"vector": [-0.13, -1.19, -8.65]
						},
						"1.9667": {
							"vector": [-0.545, -1.325, -11.15]
						},
						"2.1333": {
							"vector": [-0.415, -1.395, -10.545]
						},
						"2.2667": {
							"vector": [-0.525, -1.455, -9.17]
						},
						"2.4": {
							"vector": [-0.49, -1.43, -9.85]
						},
						"2.5667": {
							"vector": [-0.455, -1.5, -9.24]
						},
						"2.7667": {
							"vector": [-0.53, -1.5, -9.27]
						},
						"3.0": {
							"vector": [-0.49, -1.41, -9.3]
						},
						"3.2333": {
							"vector": [-0.545, -1.325, -9.325]
						},
						"3.3667": {
							"vector": [-1.005, -0.61, -7.41]
						},
						"3.6333": {
							"vector": [0, 0, 0]
						}
					}
				},
				"leftarm": {
					"rotation": {
						"0.0": {
							"vector": [0, 0, 0]
						},
						"0.1667": {
							"vector": [0, 0, -2.5]
						},
						"1.7333": {
							"vector": [0, 0, -2.5]
						},
						"2.0333": {
							"vector": [-20, 0, -45]
						},
						"3.3": {
							"vector": [-20, 0, -45]
						},
						"3.5667": {
							"vector": [0, 0, 0]
						}
					},
					"position": {
						"0.0": {
							"vector": [0, 0, 0]
						},
						"0.1667": {
							"vector": [11.23986, -30.20851, 24.64864]
						},
						"1.7333": {
							"vector": [11.23986, -30.20851, 24.64864]
						},
						"2.0333": {
							"vector": [7.35, 6.25, 2.33]
						},
						"3.3": {
							"vector": [7.35, 6.25, 2.33]
						},
						"3.5667": {
							"vector": [0, 0, 0]
						}
					}
				}
			}
		},
		"animation.model.reloadempty": {
			"loop": true,
			"animation_length": 9.86667,
			"bones": {
				"main": {
					"rotation": {
						"0.0": {
							"vector": [0, 0, 0]
						},
						"0.5667": {
							"vector": [-27.83981, -48.97354, 11.69208],
							"easing": "easeInOutCubic"
						},
						"9.4667": {
							"vector": [-27.83981, -48.97354, 11.69208],
							"easing": "easeInOutCubic"
						},
						"9.8667": {
							"vector": [0, 0, 0],
							"easing": "easeInOutQuad"
						}
					},
					"position": {
						"0.0": {
							"vector": [0, 0, 0]
						},
						"0.5667": {
							"vector": [0, 0, -11],
							"easing": "easeInOutCubic"
						},
						"9.4667": {
							"vector": [0, 0, -11],
							"easing": "easeInOutCubic"
						},
						"9.8667": {
							"vector": [0, 0, 0],
							"easing": "easeInOutQuad"
						}
					}
				},
				"top_cover": {
					"rotation": {
						"1.0": {
							"vector": [0, 0, 0]
						},
						"1.8": {
							"vector": [90, 0, 0],
							"easing": "easeInOutCubic"
						},
						"6.7333": {
							"vector": [90, 0, 0],
							"easing": "easeInOutCubic"
						},
						"7.2667": {
							"vector": [0, 0, 0],
							"easing": "easeInOutQuad"
						}
					}
				},
				"magazine": {
					"position": {
						"2.2": {
							"vector": [0, 0, 0]
						},
						"2.9": {
							"vector": [14, 0, 0],
							"easing": "linear"
						},
						"3.5667": {
							"vector": [23, -24, 0],
							"easing": "easeInSine"
						},
						"4.2": {
							"vector": [13, 5, 0],
							"easing": "easeInSine"
						},
						"4.8667": {
							"vector": [0, 0, 0],
							"easing": "easeOutQuad"
						}
					}
				},
				"cartridges": {
					"rotation": {
						"0.0": {
							"vector": [0, 0, -61.75]
						},
						"3.5667": {
							"vector": [0, 0, -61.75]
						},
						"3.6": {
							"vector": [0, 0, 0]
						},
						"5.6": {
							"vector": [0, 0, 0]
						}
					},
					"position": {
						"0.0": {
							"vector": [6, 0, 0]
						},
						"3.5667": {
							"vector": [6, 0, 0]
						},
						"3.6": {
							"vector": [4, 0, 0]
						},
						"5.6": {
							"vector": [4, 0, 0]
						},
						"6.2": {
							"vector": [0, 0, 0],
							"easing": "easeInOutQuad"
						}
					}
				},
				"rightarm": {
					"rotation": {
						"0.0": {
							"vector": [0, 0, 0]
						},
						"0.5": {
							"vector": [11.05558, -13.02548, 14.89678],
							"easing": "easeInOutQuad"
						},
						"9.1667": {
							"vector": [11.05558, -13.02548, 14.89678],
							"easing": "easeInOutQuad"
						},
						"9.6333": {
							"vector": [0, 0, 0],
							"easing": "easeInOutQuad"
						}
					},
					"position": {
						"0.0": {
							"vector": [0, 0, 0]
						},
						"0.5": {
							"vector": [-3, 0, -5],
							"easing": "easeInOutQuad"
						},
						"9.1667": {
							"vector": [-3, 0, -5],
							"easing": "easeInOutQuad"
						},
						"9.6333": {
							"vector": [0, 0, 0],
							"easing": "easeInOutQuad"
						}
					}
				},
				"leftarm": {
					"rotation": {
						"0.4": {
							"vector": [0, 0, 0]
						},
						"0.8667": {
							"vector": [-101.8831, 6.80599, -93.46727],
							"easing": "easeInOutQuint"
						},
						"1.0": {
							"vector": [-101.88, 6.81, -93.47]
						},
						"1.8": {
							"vector": [-43.68369, -7.55026, -21.51054],
							"easing": "easeInOutCubic"
						},
						"2.2": {
							"vector": [-3.56001, 4.60103, 31.27927],
							"easing": "easeInOutQuad"
						},
						"2.9": {
							"vector": [5.71341, -10.74005, 43.81596],
							"easing": "linear"
						},
						"3.5667": {
							"vector": [57.87927, -39.14799, 122.76009],
							"easing": "easeInSine"
						},
						"4.2": {
							"vector": [5.71341, -10.74005, 43.81596],
							"easing": "easeInSine"
						},
						"4.8667": {
							"vector": [-3.56001, 4.60103, 31.27927],
							"easing": "easeOutQuad"
						},
						"5.6": {
							"vector": [-27.22803, 16.2769, 18.22782],
							"easing": "easeInOutQuad"
						},
						"6.2": {
							"vector": [-49.21992, 19.35726, -0.07589],
							"easing": "easeInOutQuad"
						},
						"6.7333": {
							"vector": [-43.68369, -7.55026, -21.51054],
							"easing": "easeInOutCubic"
						},
						"7.2667": {
							"vector": [-101.88, 6.81, -93.47],
							"easing": "easeInOutQuad"
						},
						"7.7667": {
							"vector": [-95.45559, -0.11042, -88.595],
							"easing": "easeInOutQuad"
						},
						"8.2667": {
							"vector": [-84.93277, -21.81481, -72.28578],
							"easing": "easeInOutQuad"
						},
						"8.7333": {
							"vector": [-95.45559, -0.11042, -88.595],
							"easing": "easeInOutQuad"
						},
						"9.3": {
							"vector": [0, 0, 0],
							"easing": "easeInOutQuad"
						}
					},
					"position": {
						"0.4": {
							"vector": [0, 0, 0]
						},
						"0.8667": {
							"vector": [-5, 0, 0],
							"easing": "easeInOutQuint"
						},
						"1.0": {
							"vector": [-5, 0, 0]
						},
						"1.8": {
							"vector": [2, 7, 0],
							"easing": "easeInOutCubic"
						},
						"2.2": {
							"vector": [15, -21, 9],
							"easing": "easeInOutQuad"
						},
						"2.9": {
							"vector": [28, -24, 11],
							"easing": "linear"
						},
						"3.5667": {
							"vector": [32, -48, 15],
							"easing": "easeInSine"
						},
						"4.2": {
							"vector": [28, -24, 11],
							"easing": "easeInSine"
						},
						"4.8667": {
							"vector": [15, -21, 9],
							"easing": "easeOutQuad"
						},
						"5.6": {
							"vector": [7, -12, 2],
							"easing": "easeInOutQuad"
						},
						"6.2": {
							"vector": [3, -12, 0],
							"easing": "easeInOutQuad"
						},
						"6.7333": {
							"vector": [2, 7, 0],
							"easing": "easeInOutCubic"
						},
						"7.2667": {
							"vector": [-5, 0, 0],
							"easing": "easeInOutQuad"
						},
						"7.7667": {
							"vector": [-5, -3, -2],
							"easing": "easeInOutQuad"
						},
						"8.2667": {
							"vector": [-3, -4, 5],
							"easing": "easeInOutQuad"
						},
						"8.7333": {
							"vector": [-5, -3, -2],
							"easing": "easeInOutQuad"
						},
						"9.3": {
							"vector": [0, 0, 0],
							"easing": "easeInOutQuad"
						}
					}
				},
				"bolt": {
					"position": {
						"7.7667": {
							"vector": [0, 0, 0]
						},
						"8.2667": {
							"vector": [0, 0, 9],
							"easing": "easeInOutQuad"
						},
						"8.7333": {
							"vector": [0, 0, 0],
							"easing": "easeInOutQuad"
						}
					}
				}
			},
			"sound_effects": {
				"0.9333": {
					"effect": "m2stinger_coverup"
				},
				"2.2": {
					"effect": "m2stinger_magout"
				},
				"4.1": {
					"effect": "m2stinger_magin"
				},
				"5.5333": {
					"effect": "m2stinger_bulletchain"
				},
				"7.0333": {
					"effect": "m2stinger_coverdown"
				},
				"7.8": {
					"effect": "m2stinger_actionback"
				},
				"8.1333": {
					"effect": "m2stinger_actionforward"
				}
			}
		},
		"animation.model.reload": {
			"loop": true,
			"animation_length": 8,
			"bones": {
				"main": {
					"rotation": {
						"0.0": {
							"vector": [0, 0, 0]
						},
						"0.5667": {
							"vector": [-27.83981, -48.97354, 11.69208],
							"easing": "easeInOutCubic"
						},
						"7.6": {
							"vector": [-27.83981, -48.97354, 11.69208],
							"easing": "easeInOutCubic"
						},
						"8.0": {
							"vector": [0, 0, 0],
							"easing": "easeInOutQuad"
						}
					},
					"position": {
						"0.0": {
							"vector": [0, 0, 0]
						},
						"0.5667": {
							"vector": [0, 0, -11],
							"easing": "easeInOutCubic"
						},
						"7.6": {
							"vector": [0, 0, -11],
							"easing": "easeInOutCubic"
						},
						"8.0": {
							"vector": [0, 0, 0],
							"easing": "easeInOutQuad"
						}
					}
				},
				"top_cover": {
					"rotation": {
						"1.0": {
							"vector": [0, 0, 0]
						},
						"1.8": {
							"vector": [90, 0, 0],
							"easing": "easeInOutCubic"
						},
						"6.7333": {
							"vector": [90, 0, 0],
							"easing": "easeInOutCubic"
						},
						"7.2667": {
							"vector": [0, 0, 0],
							"easing": "easeInOutQuad"
						}
					}
				},
				"magazine": {
					"position": {
						"2.2": {
							"vector": [0, 0, 0]
						},
						"2.9": {
							"vector": [14, 0, 0],
							"easing": "linear"
						},
						"3.5667": {
							"vector": [23, -24, 0],
							"easing": "easeInSine"
						},
						"4.2": {
							"vector": [13, 5, 0],
							"easing": "easeInSine"
						},
						"4.8667": {
							"vector": [0, 0, 0],
							"easing": "easeOutQuad"
						}
					}
				},
				"cartridges": {
					"rotation": {
						"2.4333": {
							"vector": [0, 0, 0]
						},
						"2.6667": {
							"vector": [0, 0, -75],
							"easing": "easeOutSine"
						},
						"3.5667": {
							"vector": [0, 0, -75],
							"easing": "easeInSine"
						},
						"3.6": {
							"vector": [0, 0, 0]
						},
						"5.6": {
							"vector": [0, 0, 0]
						}
					},
					"position": {
						"2.4333": {
							"vector": [0, 0, 0]
						},
						"2.5333": {
							"vector": [-2.27, 5.55, 0],
							"easing": "linear"
						},
						"2.6667": {
							"vector": [-5.255, 6.825, 0],
							"easing": "easeOutCubic"
						},
						"3.5667": {
							"vector": [-5.455, 7.825, 0],
							"easing": "easeInSine"
						},
						"3.6": {
							"vector": [4, 0, 0]
						},
						"5.6": {
							"vector": [4, 0, 0]
						},
						"6.2": {
							"vector": [0, 0, 0],
							"easing": "easeInOutQuad"
						}
					}
				},
				"rightarm": {
					"rotation": {
						"0.0": {
							"vector": [0, 0, 0]
						},
						"0.5": {
							"vector": [11.05558, -13.02548, 14.89678],
							"easing": "easeInOutQuad"
						},
						"7.3667": {
							"vector": [11.05558, -13.02548, 14.89678],
							"easing": "easeInOutQuad"
						},
						"7.8333": {
							"vector": [0, 0, 0],
							"easing": "easeInOutQuad"
						}
					},
					"position": {
						"0.0": {
							"vector": [0, 0, 0]
						},
						"0.5": {
							"vector": [-3, 0, -5],
							"easing": "easeInOutQuad"
						},
						"7.3667": {
							"vector": [-3, 0, -5],
							"easing": "easeInOutQuad"
						},
						"7.8333": {
							"vector": [0, 0, 0],
							"easing": "easeInOutQuad"
						}
					}
				},
				"leftarm": {
					"rotation": {
						"0.4": {
							"vector": [0, 0, 0]
						},
						"0.8667": {
							"vector": [-101.8831, 6.80599, -93.46727],
							"easing": "easeInOutQuint"
						},
						"1.0": {
							"vector": [-101.88, 6.81, -93.47]
						},
						"1.8": {
							"vector": [-43.68369, -7.55026, -21.51054],
							"easing": "easeInOutCubic"
						},
						"2.2": {
							"vector": [-3.56001, 4.60103, 31.27927],
							"easing": "easeInOutQuad"
						},
						"2.9": {
							"vector": [5.71341, -10.74005, 43.81596],
							"easing": "linear"
						},
						"3.5667": {
							"vector": [57.87927, -39.14799, 122.76009],
							"easing": "easeInSine"
						},
						"4.2": {
							"vector": [5.71341, -10.74005, 43.81596],
							"easing": "easeInSine"
						},
						"4.8667": {
							"vector": [-3.56001, 4.60103, 31.27927],
							"easing": "easeOutQuad"
						},
						"5.6": {
							"vector": [-27.22803, 16.2769, 18.22782],
							"easing": "easeInOutQuad"
						},
						"6.2": {
							"vector": [-49.21992, 19.35726, -0.07589],
							"easing": "easeInOutQuad"
						},
						"6.7333": {
							"vector": [-43.68369, -7.55026, -21.51054],
							"easing": "easeInOutCubic"
						},
						"7.2667": {
							"vector": [-101.88, 6.81, -93.47],
							"easing": "easeInOutQuad"
						},
						"7.6667": {
							"vector": [0, 0, 0]
						}
					},
					"position": {
						"0.4": {
							"vector": [0, 0, 0]
						},
						"0.8667": {
							"vector": [-5, 0, 0],
							"easing": "easeInOutQuint"
						},
						"1.0": {
							"vector": [-5, 0, 0]
						},
						"1.8": {
							"vector": [2, 7, 0],
							"easing": "easeInOutCubic"
						},
						"2.2": {
							"vector": [15, -21, 9],
							"easing": "easeInOutQuad"
						},
						"2.9": {
							"vector": [28, -24, 11],
							"easing": "linear"
						},
						"3.5667": {
							"vector": [32, -48, 15],
							"easing": "easeInSine"
						},
						"4.2": {
							"vector": [28, -24, 11],
							"easing": "easeInSine"
						},
						"4.8667": {
							"vector": [15, -21, 9],
							"easing": "easeOutQuad"
						},
						"5.6": {
							"vector": [7, -12, 2],
							"easing": "easeInOutQuad"
						},
						"6.2": {
							"vector": [3, -12, 0],
							"easing": "easeInOutQuad"
						},
						"6.7333": {
							"vector": [2, 7, 0],
							"easing": "easeInOutCubic"
						},
						"7.2667": {
							"vector": [-5, 0, 0],
							"easing": "easeInOutQuad"
						},
						"7.6667": {
							"vector": [0, 0, 0]
						}
					}
				}
			},
			"sound_effects": {
				"0.9333": {
					"effect": "m2stinger_coverup"
				},
				"2.2": {
					"effect": "m2stinger_magout"
				},
				"4.1": {
					"effect": "m2stinger_magin"
				},
				"5.5333": {
					"effect": "m2stinger_bulletchain"
				},
				"7.0333": {
					"effect": "m2stinger_coverdown"
				}
			}
		}
	},
	"geckolib_format_version": 2
}